pair_id,task_id,language,model,condition,judge,functionality_correctness,requirement_summary_correctness,risk_usefulness,unsupported_claim_severity,overall_triage_utility,rationale
P00-0,apache__dubbo-13869,Java,gemma3:4b,patch_only,mistral:7b,2,2,2,0,2,"The code changes and test additions indicate the addition of support for specifying a service key in the ChangeTelnet command, as well as the CountTelnet command. This allows for more precise targeting of specific Dubbo services."
P00-0,apache__dubbo-13869,Java,gemma3:4b,issue_only,mistral:7b,2,2,2,0,2,"The code changes and test additions demonstrate a clear intent to clarify the syntax for QoS invoke, emphasizing that service invocation requires a unique combination of interface, group, and version. This addresses the question about the syntax of QoS invoke and improves the usability and clarity of the QoS feature."
P00-0,apache__dubbo-13869,Java,gemma3:4b,issue_plus_patch,mistral:7b,2,2,2,0,2,"The change adds support for specifying the service key in QoS invoke commands, enhancing precision in invocation targeting. The code changes reflect this functionality and are supported by regression tests."
P00-1,prettier__prettier-14317,JavaScript,gemma3:4b,issue_only,mistral:7b,2,2,2,0,2,"The change introduces a new utility function and modifies an existing one in the public API. This could lead to inconsistencies if not handled carefully. Additionally, there's a missed opportunity for broader comment handling support by not exposing `getNextNonSpaceNonCommentCharacter` and introducing `hasNodeIgnoreComment`."
P00-1,prettier__prettier-14317,JavaScript,gemma3:4b,patch_only,mistral:7b,2,2,2,0,2,"The change adds a new function `getNextNonSpaceNonCommentCharacter` to the public API and modifies an existing one. The addition improves precision in indentation and formatting calculations. However, the legacy version of the function remains, potentially introducing complexity."
P00-1,prettier__prettier-14317,JavaScript,gemma3:4b,issue_plus_patch,mistral:7b,2,2,2,0,2,"The change adds a new function and updates an existing one to provide more flexibility for plugins. However, it introduces potential regressions, compatibility issues, and complexity due to the legacy implementation."
P00-2,django__django-11999,Python,gemma3:4b,issue_only,mistral:7b,2,2,2,0,2,"The change in Django 2.2 prevents overriding the get_FIELD_display() method directly on models, as demonstrated by the example code. The report provides a summary of the impact and potential risks associated with this change."
P00-2,django__django-11999,Python,gemma3:4b,patch_only,mistral:7b,2,2,1,0,2,"The change allows overriding the get_%s_display method for a field in Django 2.2+, as demonstrated by the provided example and test case."
P00-2,django__django-11999,Python,gemma3:4b,issue_plus_patch,mistral:7b,2,2,2,0,2,"The change in Django 2.2 allows overriding the get_FIELD_display method, as demonstrated by the added code in django/db/models/fields/__init__.py and the new test case in tests/model_fields/tests.py."
P00-3,mui__material-ui-16137,TypeScript,gemma3:4b,issue_only,mistral:7b,2,2,2,0,2,The report accurately identifies the issue and provides a clear summary of the expected behavior and current behavior. It also lists the affected files and the regression test focus. The risk notes provide potential issues that might arise due to this change. The requirement impact summary effectively captures the behavioral requirement.
P00-3,mui__material-ui-16137,TypeScript,gemma3:4b,patch_only,mistral:7b,2,2,2,0,2,"The report provides a clear summary of the issue and its impact on the Material-UI components. It also includes a detailed list of affected files, regression tests, risk notes, requirement impact summary, assumptions, and unsupported details avoided."
P00-3,mui__material-ui-16137,TypeScript,gemma3:4b,issue_plus_patch,mistral:7b,0,2,2,0,2,"The issue is clearly stated and the expected behavior is described. The provided code changes suggest that the down arrow in NativeSelect OutlinedInput is not clickable, which contradicts the current behavior. The regression test focuses on the SelectInput component, indicating that this might be a regression from previous versions."
P01-0,apache__rocketmq-4763,Java,granite3.2-vision:latest,issue_only,mistral:7b,2,2,2,0,2,"The change addresses the issue of using an unclear integer parameter type for metrics collector mode by proposing a string-based alternative (on/off/proxy), which may improve readability and reduce confusion."
P01-0,apache__rocketmq-4763,Java,granite3.2-vision:latest,patch_only,mistral:7b,2,2,2,0,2,"The change modifies the parameter type of MetricCollectorMode from int to string, potentially improving clarity for developers. Regression tests have been updated accordingly."
P01-0,apache__rocketmq-4763,Java,granite3.2-vision:latest,issue_plus_patch,mistral:7b,2,2,2,0,2,The change addresses the issue of potential confusion for developers by switching from integer values to string values for the configuration parameter type of metrics collector mode. The test case has been updated to reflect this change.
P01-1,prettier__prettier-842,JavaScript,granite3.2-vision:latest,issue_only,mistral:7b,2,2,1,0,2,"The report provides a clear description of the issue and proposes a solution that addresses it. The proposed solution is specific and supported by code examples. However, the risk assessment could be more detailed, explaining potential issues such as compatibility with different testing frameworks."
P01-1,prettier__prettier-842,JavaScript,granite3.2-vision:latest,patch_only,mistral:7b,2,2,2,0,2,"The report provides a clear and specific description of the issue, the proposed change, and its potential impact. It also includes relevant code diffs and test cases."
P01-1,prettier__prettier-842,JavaScript,granite3.2-vision:latest,issue_plus_patch,mistral:7b,2,2,1,0,2,"The report provides a clear description of the issue and the proposed solution, and includes evidence from the production diff and test diff to support the claim that the change will address the issue of long strings not being supported in custom testing frameworks."
P01-3,mui__material-ui-20247,TypeScript,granite3.2-vision:latest,issue_only,mistral:7b,1,2,2,0,2,"The issue is about missing RTL support in the material-ui pagination component, causing arrowheads to face the wrong way. The provided code changes normalize the icons based on the theme direction."
P01-3,mui__material-ui-20247,TypeScript,granite3.2-vision:latest,patch_only,mistral:7b,2,2,2,0,2,The change addresses the issue of missing RTL support for pagination controls and icons by modifying the Material UI PaginationItem component to correctly handle arrowhead directions in RTL themes.
P01-2,django__django-13220,Python,granite3.2-vision:latest,issue_plus_patch,mistral:7b,2,2,2,0,2,The change adds an __eq__ method to ValidationErrors that allows for comparison regardless of the order in which errors were raised and the parameters involved. This improves testing and debugging by allowing identical ValidationErrors to be considered equal.
P01-2,django__django-13220,Python,granite3.2-vision:latest,issue_only,mistral:7b,2,2,2,0,2,"The code adds an __eq__ method to ValidationErrors that compares them based on their messages and parameters, ignoring the order in which they were raised. This allows for easier testing by treating identical errors as equal."
P01-2,django__django-13220,Python,granite3.2-vision:latest,patch_only,mistral:7b,2,2,2,0,2,"The change adds an __eq__ method to the ValidationError class in Django, allowing for comparison of identical errors regardless of order or parameters. This addresses the issue of counter-intuitive behavior and simplifies certain kinds of testing."
P01-3,mui__material-ui-20247,TypeScript,granite3.2-vision:latest,issue_plus_patch,mistral:7b,0,2,2,1,2,"The issue is related to the missing RTL support in the Material UI pagination component, causing incorrect display of arrowheads."
P02-0,apolloconfig__apollo-4199,Java,llama3.2-vision:11b,issue_only,mistral:7b,2,2,1,1,2,"The change adds a boolean flag to control the local file cache in apollo-client and includes a test for the new behavior. However, there is potential risk of regression due to cache configuration change, cache-related issues in production environments, and uncertainty about impact on cache-related tests."
P02-0,apolloconfig__apollo-4199,Java,llama3.2-vision:11b,patch_only,mistral:7b,2,2,1,0,2,"The patch adds a new boolean flag to control the local file cache in Apollo client. It modifies the DefaultConfigFactory and ConfigUtil classes to handle the new flag, and introduces test cases for the new behavior."
P00-2,django__django-11999,Python,gemma3:4b,issue_only,deepseek-coder:6.7b,2,1,0,1,1,"The functionality is correct as it prevents overriding the `get_FIELD_display()` method in Django 2.2 and later. However, the requirement summary is vague and does not capture the behavioral requirement accurately. The risk notes are misleading and unsupported. Unsupported details were avoided by noting that this change does not introduce any new risks."
P00-2,django__django-11999,Python,gemma3:4b,patch_only,deepseek-coder:6.7b,2,2,1,0,1,"The functionality is correctly implemented and the requirement summary accurately captures the behavioral requirement. However, there's a risk of inconsistent translations if not handled carefully."
P00-1,prettier__prettier-14317,JavaScript,gemma3:4b,patch_only,deepseek-coder:6.7b,2,2,1,0,2,The change adds a new utility function that improves the precision of indentation and formatting calculations. It also introduces a new version of an existing function with different parameters to maintain backward compatibility. The risk notes highlight potential inconsistencies and complexity introduced by this change.
P00-0,apache__dubbo-13869,Java,gemma3:4b,issue_plus_patch,deepseek-coder:6.7b,2,2,1,0,2,"The patch modifies the QoS invoke command to support specifying the service key. This enhancement allows for more precise invocation targeting based on group and version identifiers. However, it introduces a new parameter which increases complexity. The risk of misuse is mitigated by thorough testing."
P00-0,apache__dubbo-13869,Java,gemma3:4b,patch_only,deepseek-coder:6.7b,2,2,1,0,2,"The changes to the QoS commands are correct and supportive of the requirement. However, there is a potential risk in incorrect service key configuration that could lead to misidentification of services."
P00-0,apache__dubbo-13869,Java,gemma3:4b,issue_only,deepseek-coder:6.7b,1,0,2,1,1,Affected functionalities need clarification
P00-1,prettier__prettier-14317,JavaScript,gemma3:4b,issue_plus_patch,deepseek-coder:6.7b,2,2,1,0,2,The change adds a new utility function and updates an existing one to accept a `startIndex` argument. This aligns with the broader goal of improved plugin support and provides more flexibility for plugins to handle comments and whitespace within strings.
P00-1,prettier__prettier-14317,JavaScript,gemma3:4b,issue_only,deepseek-coder:6.7b,2,1,0,1,1,"The addition of `getNextNonSpaceNonCommentCharacter` and the change in signature for `getNextNonSpaceNonCommentCharacterIndex` significantly improves the API surface area. However, it does not provide a clear benefit to users as it is only used by one test case (which may be an oversight). The potential risk lies in misuse of these functions which could lead to incorrect parsing behavior. It's important to ensure that these changes are thoroughly tested and documented."
P00-2,django__django-11999,Python,gemma3:4b,issue_plus_patch,deepseek-coder:6.7b,2,2,1,0,2,"The functionality is correctly implemented and the requirement summary accurately captures the behavioral requirement. However, there's a risk of disruption for developers relying on the default display behavior. The change requires updating tests to account for the new behavior."
P00-3,mui__material-ui-16137,TypeScript,gemma3:4b,issue_only,deepseek-coder:6.7b,2,2,1,0,1,"The issue is related to the expected behavior of NativeSelect. The down arrow in the Select Input should open the select when clicked, but currently it opens on clicking the input area rather than the down arrow. This change addresses this usability issue and improves user interaction."
P00-3,mui__material-ui-16137,TypeScript,gemma3:4b,patch_only,deepseek-coder:6.7b,2,2,1,0,2,"The changes to the styling of the Input and NativeSelect components were necessary to accommodate the new select mode functionality. This change aligns with the visual design of the select component, ensuring a consistent user experience when a select element is present."
P00-3,mui__material-ui-16137,TypeScript,gemma3:4b,issue_plus_patch,deepseek-coder:6.7b,1,2,0,0,1,"The down arrow in the NativeSelect OutlinedInput is not clickable. The expected behavior should be that clicking anywhere on the input field opens the select dropdown, but currently it only works when the input area itself is clicked."
P01-0,apache__rocketmq-4763,Java,granite3.2-vision:latest,issue_only,deepseek-coder:6.7b,2,2,1,0,1,The proposed change improves the clarity and readability of the configuration parameter type for metrics collector mode by using a string type - `on/off/proxy`.
P01-0,apache__rocketmq-4763,Java,granite3.2-vision:latest,patch_only,deepseek-coder:6.7b,2,1,0,1,1,The change introduces a new configuration parameter type for metrics collector mode. This may confuse developers and potentially impact the behavior of the system.
P01-0,apache__rocketmq-4763,Java,granite3.2-vision:latest,issue_plus_patch,deepseek-coder:6.7b,2,2,1,0,1,"The proposed change to use string as the configuration parameter type of metrics collector mode could improve the clarity and maintainability of the code. However, it may introduce compatibility issues with existing code."
P01-1,prettier__prettier-842,JavaScript,granite3.2-vision:latest,issue_only,deepseek-coder:6.7b,2,2,1,0,2,"The new pattern is supported by the existing codebase and meets the requirement of supporting long strings in test frameworks. However, it's important to note that potential regression risks are associated with this change as not all testing frameworks support the new pattern."
P01-1,prettier__prettier-842,JavaScript,granite3.2-vision:latest,patch_only,deepseek-coder:6.7b,2,1,0,0,1,"The requirement to handle long and complicated test names is correctly implemented in the code. However, it's not clear if all tests are being covered by regression tests."
P01-1,prettier__prettier-842,JavaScript,granite3.2-vision:latest,issue_plus_patch,deepseek-coder:6.7b,2,2,1,0,2,"The current implementation of custom testing frameworks style supports long strings for test frameworks. It correctly identifies function calls with a string literal as the first parameter and a function as the second, which is used to name tests in Jest. This fulfills the requirement-level impact."
P01-2,django__django-13220,Python,granite3.2-vision:latest,issue_only,deepseek-coder:6.7b,2,2,1,0,2,The functionality is correctly implemented. The requirement summary accurately captures the behavioral requirement of allowing two ValidationErrors to be compared for equality. There are no risks associated with this change.
P01-2,django__django-13220,Python,granite3.2-vision:latest,patch_only,deepseek-coder:6.7b,2,2,1,0,2,The change in the `ValidationError` class and its methods allows for more accurate comparison of validation errors. This is particularly useful when testing as it provides a clear way to compare expected and actual validation error outputs.
P01-2,django__django-13220,Python,granite3.2-vision:latest,issue_plus_patch,deepseek-coder:6.7b,2,2,1,0,2,The addition of an __eq__ method to the ValidationError class allows for a more accurate comparison of instances. This is particularly useful in testing scenarios where we need to compare ValidationErrors.
P01-3,mui__material-ui-20247,TypeScript,granite3.2-vision:latest,issue_only,deepseek-coder:6.7b,2,2,1,0,1,The RTL support is correctly implemented in the production diff and tested in the test diff. The issue description matches the actual behavior.
P01-3,mui__material-ui-20247,TypeScript,granite3.2-vision:latest,patch_only,deepseek-coder:6.7b,2,1,0,1,1,"The issue of missing RTL support for the pagination controls is resolved in the production diff. However, there are no regression tests to verify this change."
P01-3,mui__material-ui-20247,TypeScript,granite3.2-vision:latest,issue_plus_patch,deepseek-coder:6.7b,1,2,0,2,0,The missing RTL support in the material ui pagination component causes incorrect display of arrowheads. The implementation should take into account the directionality of the application and adjust accordingly.
P02-0,apolloconfig__apollo-4199,Java,llama3.2-vision:11b,issue_only,deepseek-coder:6.7b,2,2,1,0,1,"The functionality is correctly implemented and the requirement summary accurately captures the behavioral requirement. However, there are risks associated with this change that need to be evaluated."
P02-0,apolloconfig__apollo-4199,Java,llama3.2-vision:11b,patch_only,deepseek-coder:6.7b,2,2,1,0,1,The solution adds a new feature to the Apollo client by adding a `boolean localFileConfig` in apollo client. This allows for more control over whether or not to use the local file cache. The risk of incorrect config repository creation based on property file cache enablement is mitigated as this change increases test coverage.
P02-0,apolloconfig__apollo-4199,Java,llama3.2-vision:11b,issue_plus_patch,deepseek-coder:6.7b,2,2,1,0,2,"The change adds a new feature to allow users to disable the local file cache of Apollo client. This is useful as it can improve performance and security by reducing the load on the system. However, there are risks associated with this change such as potential regression issues and impact on performance due to changes in caching behavior."
P02-1,serverless__serverless-6871,JavaScript,llama3.2-vision:11b,issue_only,deepseek-coder:6.7b,2,1,0,1,1,The issue is related to the role setting for custom resources. The current configuration does not specify a role for custom resources and it seems that the framework is creating its own IAM role (IamRoleCustomResourcesLambdaExecution) which might cause inconsistencies.
P02-1,serverless__serverless-6871,JavaScript,llama3.2-vision:11b,patch_only,deepseek-coder:6.7b,2,2,1,0,1,"The issue is related to the custom resource management and IAM role setup. The current implementation creates a new IAM role for each lambda function which might not be necessary or desired in some cases. By using the cfnRole provided by the user, we can avoid creating an unnecessary IAM role."
P02-1,serverless__serverless-6871,JavaScript,llama3.2-vision:11b,issue_plus_patch,deepseek-coder:6.7b,2,2,1,0,2,The patch fixes the issue of custom resources trying to create a new IAM role instead of using the predefined one. This ensures that custom resources use the correct role as specified in the configuration. The risk notes highlight potential regression risk due to changes in custom resource role handling.
P02-2,django__django-13448,Python,llama3.2-vision:11b,issue_only,deepseek-coder:6.7b,2,1,2,0,2,The change correctly addresses the issue with missing database tables. It also improves the test runner functionality and reduces risk by avoiding unnecessary migrations during testing.
P02-2,django__django-13448,Python,llama3.2-vision:11b,patch_only,deepseek-coder:6.7b,1,2,0,0,0,"The change impacts the database creation and migration functionality. However, it does not seem to be blocking the upgrade for us as expected. The potential risk of regression is low but there are some risks related to test database creation and destruction. It's important to thoroughly test this change before deploying."
P02-2,django__django-13448,Python,llama3.2-vision:11b,issue_plus_patch,deepseek-coder:6.7b,2,2,1,0,2,The patch changes the database creation and migration functionality to support the 'TEST': {'MIGRATE': False} setting. It also adds new tests to ensure the functionality works correctly.
P02-1,serverless__serverless-6871,JavaScript,llama3.2-vision:11b,issue_plus_patch,mistral:7b,2,2,1,0,2,"The report provides a clear description of the issue and its expected resolution, along with evidence from the production and test diffs. It also includes a risk note and requirement impact summary."
P02-1,serverless__serverless-6871,JavaScript,llama3.2-vision:11b,issue_only,mistral:7b,2,2,2,0,2,"The issue describes a problem with the incorrect role assignment for custom resources in AWS Lambda. The production diff shows changes to the IAM role creation logic for custom resources, and the test diff demonstrates that these changes prevent the creation of new roles when a cfnRole is provided. The candidate report provides a summary of the requirement impact and potential risks."
P02-1,serverless__serverless-6871,JavaScript,llama3.2-vision:11b,patch_only,mistral:7b,2,2,2,0,2,"The change addresses an issue where a custom role was being created for Lambda functions using custom resources, instead of the predefined role. The report provides details about affected files and impacted functionality, as well as potential regression risks."
P02-2,django__django-13448,Python,llama3.2-vision:11b,issue_plus_patch,mistral:7b,2,2,2,0,2,The patch adds support for the 'TEST': {'MIGRATE': False} setting in Django's database creation and migration functionality. It also includes new tests to ensure the functionality works correctly.
P02-0,apolloconfig__apollo-4199,Java,llama3.2-vision:11b,issue_plus_patch,mistral:7b,2,2,2,0,2,The change adds a boolean flag to control the local file cache in Apollo client and includes tests for the new behavior.
P02-2,django__django-13448,Python,llama3.2-vision:11b,issue_only,mistral:7b,2,2,2,0,2,"The issue is related to the new 'TEST': {'MIGRATE': False} database setting in Django 3.1 causing a crash during test execution. The provided diff shows changes in Django's creation and test runner files that suggest an attempt to support this new feature. The candidate report provides a summary of the impacted functionality, affected files, risk notes, requirement impact summary, assumptions, and unsupported details avoided."
P02-2,django__django-13448,Python,llama3.2-vision:11b,patch_only,mistral:7b,2,2,2,0,2,"The issue is related to a change in the database creation and migration functionality when testing. The production diff shows changes to the creation.py file that enable skipping migrations during testing, while the test diff adds new files for an unmigrated app used in tests. The candidate report summarizes the impact of these changes on the affected functionality, impacted files, regression test focus, risk notes, and requirement impact summary."
P02-3,mui__material-ui-36426,TypeScript,llama3.2-vision:11b,issue_only,mistral:7b,0,2,2,1,2,"The change in the Autocomplete API documentation and code introduces a new function 'getOptionKey' to handle repeated options values. This addresses the issue of incorrect filtering with repeated options values in version 5. However, the provided test case does not explicitly verify this new functionality, which is a minor unsupported claim."
P02-3,mui__material-ui-36426,TypeScript,llama3.2-vision:11b,patch_only,mistral:7b,2,2,2,0,2,"The provided software change report accurately describes the issue and expected behavior, and it includes relevant code diffs. The risk analysis is specific, actionable, and grounded in the change."
P02-3,mui__material-ui-36426,TypeScript,llama3.2-vision:11b,issue_plus_patch,mistral:7b,2,2,2,0,2,"The patch addresses an issue with Autocomplete functionality when dealing with repeated options values. It introduces a new `getOptionKey` prop to handle duplicate options, which improves the overall functionality and user experience. The changes are primarily in the `useAutocomplete` hook and its related tests."
P03-0,google__gson-2134,Java,llama3.2:3b,issue_only,mistral:7b,0,2,1,0,2,"The current behavior of generating valid Date objects for non-existent dates is incorrect according to the expected behavior. The patch introduces a change that sets Calendar's lenient property to false, which should prevent the generation of invalid Date objects."
P03-0,google__gson-2134,Java,llama3.2:3b,patch_only,mistral:7b,0,2,2,0,2,The change addresses an issue where the `ISO8601Utils.parse()` function accepts non-existent dates and generates valid `Date` objects. The provided patch adds a check for invalid days or months to prevent this behavior.
P03-0,google__gson-2134,Java,llama3.2:3b,issue_plus_patch,mistral:7b,0,2,2,0,2,The change addresses an issue where the ISO8601Utils.parse() method does not throw an exception for non-existent dates. The provided test cases demonstrate this behavior and the proposed solution sets the Calendar's lenient flag to false to prevent such behavior.
P03-0,google__gson-2134,Java,llama3.2:3b,issue_only,deepseek-coder:6.7b,2,1,0,1,1,The functionality of ISO8601Utils.parse() is not correctly handling non-existent dates as expected. The requirement summary captures the intent but does not accurately capture the behavioral requirement.
P03-1,sveltejs__svelte-6514,JavaScript,llama3.2:3b,issue_only,mistral:7b,2,2,1,0,2,"The change in the Selector.ts file indicates that the Svelte compiler now considers :root as a valid selector for host and root elements, which may affect the behavior of <meta> tags when used within <svelte:head />. The addition of test files also suggests an effort to verify this change."
P03-1,sveltejs__svelte-6514,JavaScript,llama3.2:3b,patch_only,mistral:7b,2,2,1,0,2,"The change addresses a bug where the Svelte compiler incorrectly applies root pseudo-class selectors to meta tags in the head. The production diff adds a check for root pseudo-class selectors, and the test diff includes new tests to verify correct behavior."
P02-3,mui__material-ui-36426,TypeScript,llama3.2-vision:11b,issue_only,deepseek-coder:6.7b,2,1,2,0,2,"The issue with Autocomplete not working properly when receiving repeated options is a critical bug that impacts the user experience. The change in behavior from version 4 to version 5 could be due to changes in the underlying implementation or dependencies. However, without more information about how this change affects other parts of the system, it's difficult to provide a precise assessment."
P03-1,sveltejs__svelte-6514,JavaScript,llama3.2:3b,issue_plus_patch,mistral:7b,2,2,2,0,2,The change addresses the issue of :root selector affecting <meta> tag by introducing a new check in Selector.ts for root-only selectors and updating the test cases to focus on the root selector behavior.
P02-3,mui__material-ui-36426,TypeScript,llama3.2-vision:11b,patch_only,deepseek-coder:6.7b,2,1,0,0,1,The change in the Autocomplete functionality is due to a bug that was present in version 5. The issue lies in how option keys are handled when there are duplicate options. This could potentially lead to incorrect filtering and selection of options.
P03-2,django__django-13768,Python,llama3.2:3b,issue_only,mistral:7b,2,2,2,0,2,"The change adds exception logging to Signal.send_robust(), improving error handling for users by allowing them to see exceptions in tools like Sentry."
P02-3,mui__material-ui-36426,TypeScript,llama3.2-vision:11b,issue_plus_patch,deepseek-coder:6.7b,2,2,1,0,2,The patch addresses the issue of Autocomplete not working correctly with repeated options. It introduces a new `getOptionKey` prop to handle duplicate options and improves the overall functionality and user experience.
P03-2,django__django-13768,Python,llama3.2:3b,patch_only,mistral:7b,2,2,2,0,2,"The change adds a logger.exception() call in the except clause of send_robust(), causing regression tests to fail due to logging changes."
P03-0,google__gson-2134,Java,llama3.2:3b,patch_only,deepseek-coder:6.7b,2,1,2,0,2,The functionality is correct as it throws an exception when parsing dates with invalid days or months. The requirement summary captures the intent correctly and accurately describes the behavioral requirement. Risk notes are useful as they highlight a potential issue of incorrect date calculations.
P03-2,django__django-13768,Python,llama3.2:3b,issue_plus_patch,mistral:7b,2,2,2,0,2,"The change adds exception logging to Signal.send_robust(), improving error handling for users by allowing them to see exceptions in tools like Sentry."
P03-1,sveltejs__svelte-6514,JavaScript,llama3.2:3b,issue_only,deepseek-coder:6.7b,0,1,2,1,1,The issue is related to the way Svelte handles :root selector. It affects the svelte-generated classname on <meta> tags which may not be expected behavior.
P03-0,google__gson-2134,Java,llama3.2:3b,issue_plus_patch,deepseek-coder:6.7b,2,2,1,0,1,The change in the ISO8601Utils.parse() method is expected to improve its behavior by throwing an IllegalArgumentException when given invalid dates. This will prevent the generation of valid Date objects and ensure that only valid dates are processed.
P03-3,mui__material-ui-13743,TypeScript,llama3.2:3b,issue_only,mistral:7b,2,2,2,0,2,"The issue report and provided code diffs indicate a regression in the behavior of Material-UI's ModalManager when closing multiple dialogs simultaneously. The candidate report accurately summarizes the expected and current behavior, provides impacted files, and suggests a risk note."
P03-1,sveltejs__svelte-6514,JavaScript,llama3.2:3b,patch_only,deepseek-coder:6.7b,1,2,0,1,1,The issue is related to the Svelte compiler's handling of CSS :root selector. The bug affects how the root pseudo-class behaves in a svelte component and it should not affect meta tags.
P03-3,mui__material-ui-13743,TypeScript,llama3.2:3b,patch_only,mistral:7b,2,2,2,0,2,"The report accurately describes the issue and provides a test case to reproduce it. The risk note is specific and actionable, grounded in the change."
P03-1,sveltejs__svelte-6514,JavaScript,llama3.2:3b,issue_plus_patch,deepseek-coder:6.7b,2,1,0,1,1,The change affects the behavior of the :root selector in a way that is not expected. The classname gets added to the <meta> tag which may cause confusion and unexpected behavior.
P03-3,mui__material-ui-13743,TypeScript,llama3.2:3b,issue_plus_patch,mistral:7b,0,2,2,0,2,"The issue report describes a specific problem with the current behavior of closing multiple dialogs in Material-UI v3.6.0, which is not present in previous versions. The provided test case demonstrates the reproduction of the error and suggests a potential risk when closing multiple dialogs simultaneously."
P03-2,django__django-13768,Python,llama3.2:3b,issue_only,deepseek-coder:6.7b,2,2,1,0,2,The addition of logging in the exception handling clause of Signal.send_robust() significantly improves user error handling and makes it easier for users to understand what went wrong.
P04-0,trinodb__trino-3725,Java,qwen2.5-coder:1.5b,issue_only,mistral:7b,2,2,2,0,2,"The code change addresses a specific issue in the IcebergConnector's handling of null partition values, preventing exceptions and ensuring proper data handling."
P03-2,django__django-13768,Python,llama3.2:3b,patch_only,deepseek-coder:6.7b,2,2,1,0,2,The issue is to add logging for exceptions raised in Signal.send_robust(). This will provide valuable information about any unexpected errors and help users debug issues more effectively.
P03-2,django__django-13768,Python,llama3.2:3b,issue_plus_patch,deepseek-coder:6.7b,2,2,1,0,2,The addition of logging for exceptions in Signal.send_robust() improves user error handling by providing a clear traceback and allowing users to easily identify the source of errors.
P03-3,mui__material-ui-13743,TypeScript,llama3.2:3b,issue_only,deepseek-coder:6.7b,2,2,1,0,1,"The issue is related to the simultaneous closing of multiple dialogs. The current behavior throws an error when this happens, which impacts user experience. However, without more context or information about how these dialogs are being used and managed, it's hard to say if this is a valid behavior."
P03-3,mui__material-ui-13743,TypeScript,llama3.2:3b,patch_only,deepseek-coder:6.7b,2,2,1,0,1,The change in behavior when opening multiple modals simultaneously is expected and supported by the changes made to ModalManager.js.
P03-3,mui__material-ui-13743,TypeScript,llama3.2:3b,issue_plus_patch,deepseek-coder:6.7b,2,1,0,1,1,"The issue of simultaneous closing of multiple dialogs throwing an error is present. However, the root cause of this issue is not clear and it's causing a potential impact on user experience."
P04-0,trinodb__trino-3725,Java,qwen2.5-coder:1.5b,issue_only,deepseek-coder:6.7b,2,2,1,0,2,The patch addresses a critical issue in the IcebergConnector's handling of null partition values. It ensures robustness and correctness by preventing exceptions and returning proper data.
P04-0,trinodb__trino-3725,Java,qwen2.5-coder:1.5b,patch_only,deepseek-coder:6.7b,2,1,0,0,1,"The change affects the behavior of IcebergPageSource and IcebergSplit classes in Presto-iceberg plugin. If a partition value is null, it should be handled properly to avoid exceptions."
P04-0,trinodb__trino-3725,Java,qwen2.5-coder:1.5b,issue_plus_patch,deepseek-coder:6.7b,2,2,1,0,2,The change handles null partition values gracefully and ensures the functionality of the IcebergConnector. The risk is plausible but not evidenced as it requires a specific test case to be sure about its impact.
P04-1,prettier__prettier-14317,JavaScript,qwen2.5-coder:1.5b,issue_only,deepseek-coder:6.7b,2,1,2,0,2,"The removal of `getNextNonSpaceNonCommentCharacter` and the addition of `hasNodeIgnoreComment` are necessary for improving the functionality of `prettier-plugin-solidity`. However, they may introduce unexpected behavior in plugins that rely on them."
P04-1,prettier__prettier-14317,JavaScript,qwen2.5-coder:1.5b,patch_only,deepseek-coder:6.7b,2,2,0,1,2,"The changes introduce two new utility functions: `getNextNonSpaceNonCommentCharacter` and `getNextNonSpaceNonCommentCharacterIndex`. Both are used in the Prettier codebase for various purposes such as finding the next non-space, non-comment character in a given text starting from a specified index. The change is significant because it improves the utility of these functions by making them more flexible and easier to use."
P04-1,prettier__prettier-14317,JavaScript,qwen2.5-coder:1.5b,issue_plus_patch,deepseek-coder:6.7b,1,2,0,0,1,"The `getNextNonSpaceNonCommentCharacterIndex` function is a utility function that helps in finding the next non-space, non-comment character index within a given text. It is currently available in the public API but could be removed if it is deemed unnecessary."
P04-2,django__django-14997,Python,qwen2.5-coder:1.5b,issue_only,deepseek-coder:6.7b,0,1,2,2,0,The change to the migration files introduces a new constraint that SQLite does not support. This leads to an error during migration application.
P04-2,django__django-14997,Python,qwen2.5-coder:1.5b,patch_only,deepseek-coder:6.7b,1,2,0,0,0,"The issue is related to the `rename_table_references` method in the Django's ddl_references.py file. This method is responsible for renaming table references in SQL queries. The problematic part of this method is that it does not handle column expressions correctly when renaming table references, which leads to an error when trying to create a unique constraint on a field with the same name as the old and new tables."
P04-1,prettier__prettier-14317,JavaScript,qwen2.5-coder:1.5b,issue_only,mistral:7b,2,2,2,0,2,"The change adds a new function `getNextNonSpaceNonCommentCharacter` to the public API and modifies the signature of an existing function `getNextNonSpaceNonCommentCharacterIndex`. The issue suggests that these changes are necessary for improving the functionality of `prettier-plugin-solidity`, but they may introduce unexpected behavior in plugins that rely on them."
P04-1,prettier__prettier-14317,JavaScript,qwen2.5-coder:1.5b,patch_only,mistral:7b,2,2,2,0,2,The change adds a new function `getNextNonSpaceNonCommentCharacter` to the public API and modifies the existing `getNextNonSpaceNonCommentCharacterIndex`. The test cases demonstrate correct functionality.
P04-1,prettier__prettier-14317,JavaScript,qwen2.5-coder:1.5b,issue_plus_patch,mistral:7b,2,2,1,0,2,"The report provides a clear summary of the behavioral requirement and impacted files. It also suggests that the `getNextNonSpaceNonCommentCharacterIndex` function could be removed if deemed unnecessary, which is a plausible but non-evidenced risk claim."
P04-0,trinodb__trino-3725,Java,qwen2.5-coder:1.5b,issue_plus_patch,mistral:7b,2,2,2,0,2,The change addresses the issue of handling null partition values in IcebergConnector's getPartitionKeys method by modifying the condition to check if the partitionKeys map contains the key instead of checking for a non-null value. This avoids throwing an exception when encountering a null partition value.
P04-0,trinodb__trino-3725,Java,qwen2.5-coder:1.5b,patch_only,mistral:7b,2,2,2,0,2,The change addresses the issue of handling null partition values in IcebergPageSource and IcebergSplit classes. It modifies the code to check if a partition key exists instead of requiring it to have a non-null value. The test case for handling tables with null values has been added to ensure proper behavior.
P04-2,django__django-14997,Python,qwen2.5-coder:1.5b,issue_only,mistral:7b,2,2,2,0,2,"The error in the migration process indicates that SQLite does not support the use of the '.' operator in index expressions. The changes to the migration files introduce a new constraint that uses this operator, causing the crash."
P04-2,django__django-14997,Python,qwen2.5-coder:1.5b,patch_only,mistral:7b,0,2,1,0,2,"The issue describes a SQLite error when applying migrations to a Django model with a unique constraint on 'name' and 'value'. The error is due to the use of the '.' operator in the unique constraint definition, which is not supported by SQLite. The candidate report focuses on the `rename_table_references` method in the `ddl_references.py` file, which may need to be updated to handle this change correctly."
P04-2,django__django-14997,Python,qwen2.5-coder:1.5b,issue_plus_patch,mistral:7b,0,2,2,0,2,"The issue is a SQLite-specific error related to the use of the '.' operator in index expressions. The change in Django's migrations for the Tag model introduces this error, as it attempts to create a unique constraint on both 'name' and 'value' fields. This is a regression as previous versions of Django did not have this issue."
P04-3,mui__material-ui-16137,TypeScript,qwen2.5-coder:1.5b,issue_only,mistral:7b,2,2,2,0,2,The issue is clearly stated and the affected functionality is identified. The report provides impacted files and a regression test focus. The risk notes provide context about the native select component interaction.
P04-3,mui__material-ui-16137,TypeScript,qwen2.5-coder:1.5b,patch_only,mistral:7b,2,2,1,0,2,"The issue and the provided code changes suggest that the down arrow in NativeSelect OutlinedInput is not clickable. The change affects the functionality of the CustomizedSelects component in the documentation, which is a critical part of the user interface."
P04-3,mui__material-ui-16137,TypeScript,qwen2.5-coder:1.5b,issue_plus_patch,mistral:7b,0,2,2,0,2,"The issue is clearly stated and the expected behavior is provided. The down arrow in the Select Input should open the select when clicked, but currently it does not. The problem is reproducible with provided code examples. The report also includes affected files and a summary of the requirement impact."
P05-0,apache__dubbo-8032,Java,qwen2.5-coder:14b,issue_only,mistral:7b,2,2,1,0,2,"The code changes suggest a method to disable the registry center by removing the dependency on it in ServiceConfig. However, this may lead to potential issues with service discovery and registration as RegistryConfig is still present in the multipleConfigTypes list. The test case also includes a test for exporting a service without registry config, which further supports the assumption that ServiceConfig handles registry configurations."
P05-0,apache__dubbo-8032,Java,qwen2.5-coder:14b,patch_only,mistral:7b,2,2,2,0,2,"The changes in the code indicate an attempt to modify the behavior of the Dubbo framework by disabling the registry center. The production diff shows that the default registries are now being set when no registry is provided, and the ServiceConfig class has been updated to allow unexporting a service without a registry. Additionally, the test diff includes a new test case for testing exporting a service without a registry configuration, which suggests this change was intended to support such a scenario."
P05-0,apache__dubbo-8032,Java,qwen2.5-coder:14b,issue_plus_patch,mistral:7b,2,2,2,0,2,The changes in the code and test files indicate an intent to allow disabling the registry center completely by removing the dependency on it during service export. The patch also modifies how default registries are handled and adjusts configuration validation logic.
P04-3,mui__material-ui-16137,TypeScript,qwen2.5-coder:1.5b,issue_only,deepseek-coder:6.7b,2,2,1,0,1,The issue is related to the native select component and its interaction with the down arrow. The current behavior suggests that the input area of the Select needs to be clicked instead of the down arrow. This discrepancy can be resolved by updating the implementation to open the select when the down arrow is clicked.
P05-1,prettier__prettier-842,JavaScript,qwen2.5-coder:14b,issue_only,mistral:7b,2,2,1,0,2,"The change addresses the issue of long strings in test frameworks by adding custom support for this case. The proposed solution detects function calls with a string literal as the first parameter and a function as the second, which is a pattern specific to this context."
P04-3,mui__material-ui-16137,TypeScript,qwen2.5-coder:1.5b,issue_plus_patch,deepseek-coder:6.7b,2,2,1,0,1,The down arrow in the Select Input is not clickable. It should open the select when clicked.
P05-1,prettier__prettier-842,JavaScript,qwen2.5-coder:14b,patch_only,mistral:7b,2,2,2,0,2,The change addresses the issue of handling long strings for test frameworks by adding support for trailing commas in function calls with a string literal as the first parameter and a function as the second.
P04-3,mui__material-ui-16137,TypeScript,qwen2.5-coder:1.5b,patch_only,deepseek-coder:6.7b,2,1,0,0,1,The issue is related to the down arrow in NativeSelect OutlinedInput not being clickable. The problem seems to be with the styling and positioning of the select component. It's a minor issue but it affects user experience.
P05-1,prettier__prettier-842,JavaScript,qwen2.5-coder:14b,issue_plus_patch,mistral:7b,2,2,1,0,2,"The change introduces custom formatting for test framework calls with long names and handles trailing commas in specific function call patterns. It may affect how certain function calls are formatted, potentially impacting readability and maintainability."
P05-0,apache__dubbo-8032,Java,qwen2.5-coder:14b,issue_only,deepseek-coder:6.7b,2,1,0,0,1,"The functionality of the registry center is correctly disabled by removing its configuration handling in ServiceConfig. The requirement summary captures the intent well and accurately reflects the behavioral requirement. However, there are no risks associated with this change as it does not involve any significant changes to service discovery or registration."
P05-2,django__django-15695,Python,qwen2.5-coder:14b,issue_only,mistral:7b,2,2,1,0,2,The issue is clearly stated and the change in code addresses the problem of crashing when re-applying RenameIndex() to an unnamed index.
P05-0,apache__dubbo-8032,Java,qwen2.5-coder:14b,issue_plus_patch,deepseek-coder:6.7b,2,2,1,0,2,"The patch disables the registry center completely by removing its initialization. It also modifies handling of default registries and adjusts configuration validation logic to exclude metadata-center from checks. The changes impact multiple functionalities including service export behavior without registry. However, thorough testing is required to ensure these changes do not introduce new issues."
P05-2,django__django-15695,Python,qwen2.5-coder:14b,patch_only,mistral:7b,2,2,1,0,2,The change prevents unnecessary schema changes by ensuring that no database operation occurs when the old and new index names are identical.
P05-0,apache__dubbo-8032,Java,qwen2.5-coder:14b,patch_only,deepseek-coder:6.7b,2,1,0,1,1,"The patch modifies registry handling and service export/unexport methods. However, it does not affect the main functionality of Dubbo as expected. The risk notes indicate potential issues with registry configuration handling but these are mitigated by the changes in AbstractInterfaceConfig."
P04-2,django__django-14997,Python,qwen2.5-coder:1.5b,issue_plus_patch,deepseek-coder:6.7b,0,1,2,2,0,The change to the `Tag` model's `value` field and the SQLite database schema cause a regression that prevents the creation of unique constraints. This is due to the fact that SQLite does not support the use of the '.' operator in index expressions.
P05-1,prettier__prettier-842,JavaScript,qwen2.5-coder:14b,issue_only,deepseek-coder:6.7b,2,2,1,0,2,The codebase has been modified to support long strings for test frameworks. The changes include the addition of a condition that checks if the function call has two parameters: a string literal as the first parameter and a function as the second. This allows for proper formatting without introducing syntax errors.
P05-2,django__django-15695,Python,qwen2.5-coder:14b,issue_only,deepseek-coder:6.7b,2,2,1,0,2,"The RenameIndex() operation is designed to rename indexes in the database schema. However, it appears that there's a bug where the operation crashes when trying to re-apply to an unnamed index. This could potentially lead to data integrity issues if the renaming fails."
P05-1,prettier__prettier-842,JavaScript,qwen2.5-coder:14b,patch_only,deepseek-coder:6.7b,2,2,1,0,2,The patch modifies the printer to handle 'require' calls and specific test case formats. It also adds support for trailing commas in arrow function parameters which improves readability.
P05-1,prettier__prettier-842,JavaScript,qwen2.5-coder:14b,issue_plus_patch,deepseek-coder:6.7b,2,2,1,0,2,The change introduces custom formatting for test framework calls with long names and handles trailing commas in specific function call patterns. It improves readability and maintainability of the code.
P05-2,django__django-15695,Python,qwen2.5-coder:14b,patch_only,deepseek-coder:6.7b,2,2,1,0,2,The issue is resolved by adding a condition to prevent unnecessary index renaming when the old and new names are identical. This prevents potential missed index renaming if logic is not correctly applied.
P05-2,django__django-15695,Python,qwen2.5-coder:14b,issue_plus_patch,deepseek-coder:6.7b,2,2,1,0,2,The RenameIndex() function correctly handles the case where the old and new names are identical. This prevents crashes when re-applying the renaming operation in PostgreSQL.
P05-3,mui__material-ui-20247,TypeScript,qwen2.5-coder:14b,issue_only,deepseek-coder:6.7b,2,2,1,0,2,The patch adds RTL support to the pagination component by using the theme direction property. The test diff covers the scenario where the direction is set to 'rtl'. This ensures that the arrows are displayed correctly in a right-to-left language environment.
P05-3,mui__material-ui-20247,TypeScript,qwen2.5-coder:14b,patch_only,deepseek-coder:6.7b,2,2,1,0,2,"The patch changes pagination item icons based on the theme direction. This change is necessary for RTL/LTR support and it supports the requirement of summarizing impact as 'The patch changes pagination item icons based on the theme direction, affecting RTL/LTR support.'."
P05-3,mui__material-ui-20247,TypeScript,qwen2.5-coder:14b,issue_plus_patch,deepseek-coder:6.7b,2,2,1,0,2,The RTL support for pagination arrow directions is implemented correctly in the production diff. The test case verifies that the controls are rendered with correct order in a right-to-left theme.
P06-0,apache__rocketmq-7964,Java,qwen2.5-coder:3b,issue_only,deepseek-coder:6.7b,2,2,1,0,2,The enhancement checks the existence of consumer groups in updateConsumerOffset to prevent dirty offsets. This is a critical risk as it ensures that the consumers are operating with valid group configurations.
P06-0,apache__rocketmq-7964,Java,qwen2.5-coder:3b,patch_only,deepseek-coder:6.7b,2,2,1,0,2,The enhancement adds a check to ensure that the consumer group exists before updating the consumer offset. This prevents dirty consumer offsets and ensures correct behavior in scenarios where groups are deleted.
P06-0,apache__rocketmq-7964,Java,qwen2.5-coder:3b,issue_plus_patch,deepseek-coder:6.7b,2,2,1,0,2,The enhancement checks for the existence of a consumer group in updateConsumerOffset to prevent dirty consumer offsets and improve data integrity. The risk is plausible but non-evidenced as it requires manual intervention before shutting down the online consumer clients.
P06-1,serverless__serverless-6871,JavaScript,qwen2.5-coder:3b,issue_only,deepseek-coder:6.7b,2,1,2,0,2,The issue is related to the custom resources not using the expected role. The diff shows that the code was modified to prevent the creation of a new IAM role for each lambda function when adding an EventBridge event. This change should resolve the functionality and requirement issues.
P06-1,serverless__serverless-6871,JavaScript,qwen2.5-coder:3b,patch_only,deepseek-coder:6.7b,2,1,0,1,1,"The issue is related to the way custom resources are managed in AWS Lambda. The change modifies how IAM roles and logging configurations are set up, which could potentially affect existing resources."
P06-1,serverless__serverless-6871,JavaScript,qwen2.5-coder:3b,issue_plus_patch,deepseek-coder:6.7b,2,2,1,0,1,"The issue is related to the custom resources not using the specified role. The change in PRODUCTION DIFF and TEST DIFF show that the code correctly checks if a cfnRole exists and uses it for all custom resources. This ensures that these resources use the predefined role instead of creating a new one, which could lead to unintended behavior or security issues."
P06-2,django__django-15996,Python,qwen2.5-coder:3b,issue_only,deepseek-coder:6.7b,2,2,1,0,2,The change adds support for serialization of combination of Enum flags. This is a requirement to support more complex data types in model fields and it does not introduce any new risks.
P06-2,django__django-15996,Python,qwen2.5-coder:3b,issue_plus_patch,deepseek-coder:6.7b,2,2,1,0,2,The change allows for the serialization of combination of Enum flags. This is a requirement for handling complex data types in Django models and it does not introduce any unsupported details.
P06-3,mui__material-ui-36426,TypeScript,qwen2.5-coder:3b,issue_only,deepseek-coder:6.7b,2,2,1,0,2,The issue is related to the Autocomplete functionality in versions other than 5. The bug fix addresses an issue where Autocomplete does not filter and work correctly when receiving repeated options values.
P06-2,django__django-15996,Python,qwen2.5-coder:3b,patch_only,deepseek-coder:6.7b,2,2,1,0,2,The change correctly serializes the combination of Enum flags in Django migrations. It supports the use case where a field's default value is an enum flag and it can be properly serialized without any misinterpretation.
P06-3,mui__material-ui-36426,TypeScript,qwen2.5-coder:3b,patch_only,deepseek-coder:6.7b,2,2,1,0,1,The addition of `getOptionKey` property in the Autocomplete component's API is useful as it allows developers to specify a unique key for each option. This can be particularly important when dealing with options that have duplicate labels.
P07-0,google__gson-2130,Java,qwen2.5-coder:7b,issue_only,deepseek-coder:6.7b,2,2,1,0,1,The issue of JsonWriter not correctly handling float values is addressed by adding a new function to handle float values. The requirement impact summary accurately captures the behavioral requirement and the risk notes provide actionable information about potential risks.
P07-0,google__gson-2130,Java,qwen2.5-coder:7b,patch_only,deepseek-coder:6.7b,2,2,1,0,1,The change adds support for encoding finite float values. This is necessary to maintain consistency with the existing handling of double-precision floating point numbers.
P06-3,mui__material-ui-36426,TypeScript,qwen2.5-coder:3b,issue_plus_patch,deepseek-coder:6.7b,2,1,0,1,1,The issue of Autocomplete not working properly with repeated options values is present. The `getOptionKey` prop has been introduced to address this issue and it should provide a solution for the problem.
P07-0,google__gson-2130,Java,qwen2.5-coder:7b,issue_plus_patch,deepseek-coder:6.7b,2,2,1,0,2,The change adds a new method to handle float values in JsonWriter. It ensures correct representation and handling of non-finite float values.
P07-1,sveltejs__svelte-6514,JavaScript,qwen2.5-coder:7b,issue_plus_patch,deepseek-coder:6.7b,2,1,0,1,1,The issue is related to the handling of `:root` pseudo-class in Svelte components. The current implementation does not correctly handle this pseudo-class and it results in a svelte generated classname being added to the `<meta>` tag.
P07-1,sveltejs__svelte-6514,JavaScript,qwen2.5-coder:7b,issue_only,deepseek-coder:6.7b,1,2,0,1,0,The issue is related to the way Svelte handles `:root` selector. The classname gets added to the meta tag because of how the CSS is parsed and applied in Svelte. This could potentially break existing components that rely on specific classnames being present.
P07-1,sveltejs__svelte-6514,JavaScript,qwen2.5-coder:7b,patch_only,deepseek-coder:6.7b,2,1,0,1,1,The issue is related to the handling of ':root' selector in Svelte. The classname gets added to the meta tag because the 'host' and 'root' pseudo-classes are not correctly handled. This could lead to unexpected behavior.
P07-2,django__django-16408,Python,qwen2.5-coder:7b,issue_only,deepseek-coder:6.7b,1,2,0,1,0,The test case 'test_wrong_select_related' is failing due to incorrect related object setting in Multi-level FilteredRelation. This issue may lead to potential bugs and performance issues.
P07-2,django__django-16408,Python,qwen2.5-coder:7b,patch_only,deepseek-coder:6.7b,2,2,1,0,1,The change introduces conditional logic for handling multilevel reverse foreign key relationships. This may affect performance but should be thoroughly tested.
P07-2,django__django-16408,Python,qwen2.5-coder:7b,issue_plus_patch,deepseek-coder:6.7b,2,2,1,0,2,The patch fixes the issue with multi-level reverse foreign key relationships in select_related. It avoids setting wrong related objects and ensures that the new logic does not introduce unintended side effects.
P07-3,mui__material-ui-13743,TypeScript,qwen2.5-coder:7b,issue_only,deepseek-coder:6.7b,2,2,1,0,2,The issue is related to the simultaneous closing of multiple dialogs. The current behavior seems to be a TypeError within ModalManager when more than one dialog is open at the same time. This could potentially lead to unexpected behavior and crashes in applications that use Material-UI.
P07-3,mui__material-ui-13743,TypeScript,qwen2.5-coder:7b,patch_only,deepseek-coder:6.7b,2,2,1,0,2,The change in behavior of modal overflow handling when multiple modals are open is expected as per the requirement. The test case for this scenario has been added to cover this edge case.
P08-0,trinodb__trino-3638,Java,qwen2.5:3b,issue_only,deepseek-coder:6.7b,2,2,1,0,2,The functionality of updating stats in Hive connector has been improved by parallelizing it which reduces the time taken for INSERT or ANALYZE operations.
P08-0,trinodb__trino-3638,Java,qwen2.5:3b,patch_only,deepseek-coder:6.7b,2,2,1,0,1,The change increases the maximum number of concurrent metastore updates from 20 to 100. This could potentially improve throughput but increase the risk of conflicts and regression. The impact is expected to be minimal as existing tests are designed for a lower concurrency level.
P07-3,mui__material-ui-13743,TypeScript,qwen2.5-coder:7b,issue_plus_patch,deepseek-coder:6.7b,2,2,1,0,2,The change in the ModalManager.js file is related to handling multiple dialogs simultaneously. The issue of closing multiple dialogs simultaneously does not throw an error as expected.
P08-0,trinodb__trino-3638,Java,qwen2.5:3b,issue_plus_patch,deepseek-coder:6.7b,2,2,1,0,1,"The change aims to parallelize stats updates in the Hive connector. This should reduce INSERT and ANALYZE latency significantly. However, it introduces potential risks such as conflicts in metastore's DB side and increased concurrency issues that need to be thoroughly tested and addressed."
P08-1,prettier__prettier-14317,JavaScript,qwen2.5:3b,issue_only,deepseek-coder:6.7b,2,1,2,0,2,"The functionality of `getNextNonSpaceNonCommentCharacter` is correctly implemented and supported by the changes. The requirement summary captures the intent accurately but could be improved to provide a more detailed description of what the function does. Risk notes are specific and grounded in the change, pointing out potential regressions and impact on plugins that rely on `hasNodeIgnoreComment` for handling comments with `prettier-ignore`. Overall, the triage utility is high as it provides concrete evidence to support the changes."
P08-1,prettier__prettier-14317,JavaScript,qwen2.5:3b,patch_only,deepseek-coder:6.7b,2,2,1,0,2,"The change improves the utility functions for better code readability and maintainability. However, it introduces potential regressions in existing integration tests due to changes in the signature of `getNextNonSpaceNonCommentCharacterIndex`."
P08-1,prettier__prettier-14317,JavaScript,qwen2.5:3b,issue_plus_patch,deepseek-coder:6.7b,2,1,1,0,1,The change adds two new utility functions and modifies the signature of an existing one. The impact is minimal but there could be potential risks if not thoroughly tested or used correctly.
P08-2,huggingface__transformers-15831,Python,qwen2.5:3b,issue_only,deepseek-coder:6.7b,2,1,0,0,1,"The functionality is correctly implemented and the requirement summary accurately captures the behavioral requirement. However, there are no risks associated with this change."
P08-2,huggingface__transformers-15831,Python,qwen2.5:3b,patch_only,deepseek-coder:6.7b,2,2,1,0,2,"The functionality is correct as it allows the user to specify a different decoder vocab size. The requirement summary captures the behavioral requirement correctly. However, there are risks associated with handling shared embeddings and tokenizer configurations. But these can be mitigated by careful testing."
P08-2,huggingface__transformers-15831,Python,qwen2.5:3b,issue_plus_patch,deepseek-coder:6.7b,2,2,1,0,2,"The functionality is correctly implemented and the requirement summary accurately captures the behavioral requirements. The risk is plausible but generic or incomplete as it does not specify how to handle different vocabularies in tokenizer integration tests. Overall, the report provides a good foundation for further development."
P08-3,mui__material-ui-16137,TypeScript,qwen2.5:3b,patch_only,deepseek-coder:6.7b,2,2,1,0,1,The issue is related to the input width and padding of select components. The changes in the affected files should resolve this issue.
P08-3,mui__material-ui-16137,TypeScript,qwen2.5:3b,issue_plus_patch,deepseek-coder:6.7b,2,2,1,0,1,"The issue is related to the interaction of NativeSelect and OutlinedInput components. The down arrow in the Select Input should open the select when clicked, but currently it requires clicking on the input area instead. This discrepancy could lead to a poor user experience."
P08-3,mui__material-ui-16137,TypeScript,qwen2.5:3b,issue_only,deepseek-coder:6.7b,1,2,0,0,1,The issue is related to the functionality of NativeSelect component. The down arrow in the Select Input should open the select when clicked but it currently opens on the input area rather than the down arrow. This could lead to confusion for users and potentially affect usability.
P09-0,apache__dubbo-4026,Java,qwen2.5vl:3b,patch_only,deepseek-coder:6.7b,2,2,1,2,1,The patch introduces a new method `getDefaultValue` to handle default values for primitive types which may affect existing tests that rely on default values.
P09-0,apache__dubbo-4026,Java,qwen2.5vl:3b,issue_only,deepseek-coder:6.7b,1,2,0,0,1,"The functionality is partially correct. The User class has a nullary constructor and the DemoService method takes a User object as parameter. However, the requirement summary captures part of the intent but does not accurately capture the behavioral requirement."
P09-1,prettier__prettier-842,JavaScript,qwen2.5vl:3b,issue_only,deepseek-coder:6.7b,2,2,1,0,2,The patch adds support for long strings in test framework names. This improves readability and maintainability of the code.
P09-0,apache__dubbo-4026,Java,qwen2.5vl:3b,issue_plus_patch,deepseek-coder:6.7b,2,1,0,1,1,"The functionality is correct as it allows creation of `User` objects with no nullary constructor and primitive fields. However, the requirement summary is vague and does not capture the behavioral requirement accurately. The risk notes are misleading as there is no evidence that this change introduces a new risk."
P09-2,huggingface__transformers-21345,Python,qwen2.5vl:3b,issue_only,deepseek-coder:6.7b,2,2,1,0,2,The addition of the pytorch implementation of OpenAI's GeLU approximation is a significant improvement to the performance of transformer models. It significantly reduces inference time and provides a more accurate model.
P09-1,prettier__prettier-842,JavaScript,qwen2.5vl:3b,patch_only,deepseek-coder:6.7b,2,2,1,0,2,"The change improves the readability of test cases by supporting long strings for test frameworks. It also enhances functionality and requirement summary by accurately capturing the behavioral requirements. However, potential risk is noted as changes in `printMemberChain` logic may impact tests that rely on these functionalities."
P09-1,prettier__prettier-842,JavaScript,qwen2.5vl:3b,issue_plus_patch,deepseek-coder:6.7b,2,2,1,0,2,The change supports long strings in test framework names. It also provides custom support for tests with long names without breaking existing ones.
P09-2,huggingface__transformers-21345,Python,qwen2.5vl:3b,patch_only,deepseek-coder:6.7b,2,2,1,0,2,"The addition of the PytorchGELUTanh implementation significantly improves the performance and efficiency of transformer models by reducing inference time. However, it's important to note that while this change is beneficial for some use-cases, it may not be suitable for all scenarios due to potential numerical discrepancies between the new implementation and existing ones."
P09-2,huggingface__transformers-21345,Python,qwen2.5vl:3b,issue_plus_patch,deepseek-coder:6.7b,2,2,1,0,2,The PytorchGELUTanh implementation is a significant improvement over the existing GeLU implementations. It significantly speeds up inference time and provides comparable accuracy to the original GELU function.
P09-3,mui__material-ui-20247,TypeScript,qwen2.5vl:3b,issue_only,deepseek-coder:6.7b,2,2,1,0,1,The issue of pagination arrowheads facing the wrong direction is due to missing RTL support in Material UI. The changes made in production diff enable this feature and are tested in test diff.
P09-3,mui__material-ui-20247,TypeScript,qwen2.5vl:3b,patch_only,deepseek-coder:6.7b,2,2,1,0,2,The patch correctly implements RTL support for pagination controls in Material UI. It ensures that the order of arrowheads are correct in both LTR and RTL themes.
P09-3,mui__material-ui-20247,TypeScript,qwen2.5vl:3b,issue_plus_patch,deepseek-coder:6.7b,2,2,1,0,2,The issue of pagination arrowheads facing the wrong direction in RTL mode is resolved by properly handling the theme's direction property. The changes made to PaginationItem component and test case ensure that the controls are rendered with correct order in rtl theme.
P05-2,django__django-15695,Python,qwen2.5-coder:14b,issue_plus_patch,mistral:7b,0,2,1,0,2,The change addresses the issue of crashes when re-applying RenameIndex() on an unnamed index in PostgreSQL by adding a check to prevent renaming when the old and new names are identical.
P06-0,apache__rocketmq-7964,Java,qwen2.5-coder:3b,issue_only,mistral:7b,2,2,2,0,2,The change adds a check for the existence of consumer groups in updateConsumerOffset command to prevent dirty offsets when a consumer group is deleted.
P05-3,mui__material-ui-20247,TypeScript,qwen2.5-coder:14b,issue_plus_patch,mistral:7b,2,2,1,0,2,"The report addresses the issue of missing RTL support for pagination in Material UI and adds a regression test. However, potential issues with existing RTL themes not being fully tested are noted."
P05-3,mui__material-ui-20247,TypeScript,qwen2.5-coder:14b,patch_only,mistral:7b,1,2,0,0,1,The patch addresses the RTL issue but may affect non-RTL themes. Includes requirement summary and regression test focus.
P05-3,mui__material-ui-20247,TypeScript,qwen2.5-coder:14b,issue_only,mistral:7b,2,2,2,0,2,The report specifically addresses the issue of missing RTL support for pagination arrows and provides a clear risk. It accurately summarizes the requirement and avoids unsupported claims.
P06-0,apache__rocketmq-7964,Java,qwen2.5-coder:3b,patch_only,mistral:7b,2,2,2,0,2,"The change ensures that the consumer group exists before updating its offset, preventing dirty consumer offsets and potential issues with incorrect data retrieval."
P06-1,serverless__serverless-6871,JavaScript,qwen2.5-coder:3b,issue_only,mistral:7b,2,2,2,0,2,The issue describes a problem with the current implementation that creates an incorrect IAM role for custom resources. The proposed changes focus on impacted files and regression tests to address this issue.
P06-1,serverless__serverless-6871,JavaScript,qwen2.5-coder:3b,patch_only,mistral:7b,2,2,2,0,2,The change modifies the IAM role setup for custom resources in AWS Lambda. This may affect existing resources and logging configurations.
P06-1,serverless__serverless-6871,JavaScript,qwen2.5-coder:3b,issue_plus_patch,mistral:7b,2,2,2,0,2,"The change modifies the IAM role creation for custom resources in AWS Lambda. It ensures that custom resources use the specified provider role instead of creating a new one, which could lead to unintended behavior or security issues."
P06-0,apache__rocketmq-7964,Java,qwen2.5-coder:3b,issue_plus_patch,mistral:7b,2,2,2,0,2,Adds a check for consumer group existence to prevent dirty offsets and improves data integrity with included test case.
P06-2,django__django-15996,Python,qwen2.5-coder:3b,issue_only,mistral:7b,2,2,1,0,2,"The change addresses the issue of serializing a combination of Enum flags, which is now possible due to the addition of logic for handling Enum.Flag subclasses and the use of enum._decompose."
P06-2,django__django-15996,Python,qwen2.5-coder:3b,patch_only,mistral:7b,2,2,1,0,2,The change addresses the issue of serializing a combination of Enum flags by using enum._decompose to obtain a list of names and creating an expression to create the enum value by 'ORing' the items together.
P06-2,django__django-15996,Python,qwen2.5-coder:3b,issue_plus_patch,mistral:7b,2,2,1,0,2,The change addresses the issue of serializing a combination of Enum flags by implementing a method to decompose the enum and serialize each flag individually. This allows for handling complex data types in Django models.
P06-3,mui__material-ui-36426,TypeScript,qwen2.5-coder:3b,issue_only,mistral:7b,2,2,2,0,2,"The change adds a new property 'getOptionKey' to the Autocomplete API documentation and implementation, which is used to determine the key for a given option. This addresses the issue of repeated options values not being filtered correctly in version 5."
P06-3,mui__material-ui-36426,TypeScript,qwen2.5-coder:3b,patch_only,mistral:7b,2,2,2,0,2,"The change adds a new property `getOptionKey` to the Autocomplete API, which allows developers to specify unique keys for options when labels are not unique. This addresses the issue of repeated option values not being filtered correctly."
P06-3,mui__material-ui-36426,TypeScript,qwen2.5-coder:3b,issue_plus_patch,mistral:7b,2,2,2,0,2,"The change adds a new prop 'getOptionKey' to the Autocomplete component, which is used to determine the key for a given option. This can help in cases where labels of options are not unique and labels are used as keys by default. The provided test case demonstrates the usage of this new prop."
P07-0,google__gson-2130,Java,qwen2.5-coder:7b,issue_only,mistral:7b,2,2,2,0,2,The issue is about JsonWriter not handling float values correctly. The proposed change adds a new function for float in JsonWriter to address this issue.
P07-0,google__gson-2130,Java,qwen2.5-coder:7b,patch_only,mistral:7b,2,2,2,0,2,"The change addresses an issue where JsonWriter does not correctly handle float values. The new function added supports encoding finite float values, which may affect existing code and require testing."
P07-0,google__gson-2130,Java,qwen2.5-coder:7b,issue_plus_patch,mistral:7b,2,2,1,0,2,The issue is about JsonWriter not handling float values correctly. The provided diff adds a new function for float encoding in JsonWriter and includes tests for non-finite float values.
P07-1,sveltejs__svelte-6514,JavaScript,qwen2.5-coder:7b,issue_only,mistral:7b,2,2,2,0,2,"The change in the Svelte compiler's CSS selector handling affects how classnames are applied to elements, including `<meta>` tags. This could potentially break existing functionality if classnames were being used for styling or other purposes."
P07-1,sveltejs__svelte-6514,JavaScript,qwen2.5-coder:7b,patch_only,mistral:7b,2,2,2,0,2,"The change adds support for the 'root' pseudo-class in CSS selectors, which could affect how styles are applied to elements. The new test case focuses on this change and potential impact."
P07-1,sveltejs__svelte-6514,JavaScript,qwen2.5-coder:7b,issue_plus_patch,mistral:7b,2,2,2,0,2,"The change in Svelte's CSS handling affects the application of `:root` pseudo-class selectors, causing them to be applied to elements like `<meta>`. The provided report includes affected files, impacted functionality, and a summary of the requirement impact."
P07-2,django__django-16408,Python,qwen2.5-coder:7b,issue_only,mistral:7b,0,2,2,1,2,"The test case fails due to incorrect related object setting in Multi-level FilteredRelation. The production diff introduces a new local_setter_noop function for multi-level relationships, which may have unintended consequences."
P07-2,django__django-16408,Python,qwen2.5-coder:7b,patch_only,mistral:7b,2,2,1,0,2,The test case demonstrates an issue with multi-level FilteredRelation and select_related() not setting the correct related object. The production diff introduces a new local_setter function for handling multilevel reverse foreign key relationships.
P07-2,django__django-16408,Python,qwen2.5-coder:7b,issue_plus_patch,mistral:7b,2,2,2,0,2,"The test case reveals an issue with multi-level FilteredRelation and select_related() causing incorrect related object assignment. The production diff shows a change to the local_setter function, which suggests an attempt to address this issue."
P07-3,mui__material-ui-13743,TypeScript,qwen2.5-coder:7b,issue_only,mistral:7b,2,2,2,0,2,The issue report and provided code diffs indicate a regression in the Material-UI ModalManager that causes an error when closing multiple dialogs simultaneously. A test case has been added to the candidate report to verify the behavior.
P07-3,mui__material-ui-13743,TypeScript,qwen2.5-coder:7b,patch_only,mistral:7b,2,2,2,0,2,The report accurately identifies the issue of multiple dialogs causing an error and provides a clear explanation of the expected behavior. It also includes relevant code changes and a test case to reproduce the issue.
P07-3,mui__material-ui-13743,TypeScript,qwen2.5-coder:7b,issue_plus_patch,mistral:7b,2,2,2,0,2,The report accurately identifies the issue of multiple dialogs causing an error and provides a test case to reproduce it. It also suggests a potential risk with handling multiple modals simultaneously and includes a regression test focus.
P08-0,trinodb__trino-3638,Java,qwen2.5:3b,issue_only,mistral:7b,2,2,2,0,2,"The code changes introduce a new configuration option for the maximum number of concurrent metastore updates and modify the HiveMetadataFactory to use this new option. Additionally, test configurations have been updated to reflect the new option. These changes suggest that the intention is to parallelize stats update in the Hive connector."
P08-0,trinodb__trino-3638,Java,qwen2.5:3b,patch_only,mistral:7b,2,2,2,0,2,"The code changes introduce a new configuration option for maxConcurrentMetastoreUpdates and update the existing ones in HiveConfig.java, HiveMetadataFactory.java, SemiTransactionalHiveMetastore.java, AbstractTestHive.java, TestHiveConfig.java, and TestSemiTransactionalHiveMetastore.java. The change increases the maximum number of concurrent metastore updates from 20 to 100, potentially improving throughput but increasing the risk of conflicts and regression."
P08-0,trinodb__trino-3638,Java,qwen2.5:3b,issue_plus_patch,mistral:7b,2,2,2,0,2,The code changes introduce a new configuration option for maxConcurrentMetastoreUpdates and adjust the executor used for updates based on this setting. The test cases have also been updated to accommodate parallel updates.
P08-1,prettier__prettier-14317,JavaScript,qwen2.5:3b,issue_only,mistral:7b,2,2,2,0,2,"The change adds a new function `getNextNonSpaceNonCommentCharacter` to the public API and modifies an existing one. This could potentially cause regressions if these functions are removed or renamed in the future. Additionally, the utility function `hasNodeIgnoreComment` may be beneficial for plugins that support comments containing `prettier-ignore`."
P08-1,prettier__prettier-14317,JavaScript,qwen2.5:3b,patch_only,mistral:7b,2,2,2,0,2,The change adds a new function `getNextNonSpaceNonCommentCharacter` to the public API and modifies the signature of `getNextNonSpaceNonCommentCharacterIndex`. This improves code readability and maintainability but may introduce regressions in existing tests that rely on the legacy function.
P08-1,prettier__prettier-14317,JavaScript,qwen2.5:3b,issue_plus_patch,mistral:7b,2,2,2,1,2,"The report accurately summarizes the changes made to the codebase and provides a detailed impact summary. However, the risk assessment could be improved by providing more specific examples of potential issues that may arise from these changes."
P08-2,huggingface__transformers-15831,Python,qwen2.5:3b,issue_only,mistral:7b,2,2,2,0,2,"The issue discusses the hardcoding of tied vocab in the Marian to Torch converter, which prevents non-tied source and target embeddings during training. The provided production diff shows that the MarianConfig now supports decoder_vocab_size, allowing for separate vocab sizes for source and target. The test diff also includes a new test case for sharing encoder and decoder embeddings, indicating an intention to support this feature. Therefore, it can be considered a feature request."
P08-2,huggingface__transformers-15831,Python,qwen2.5:3b,patch_only,mistral:7b,2,2,2,0,2,"The issue discusses the hardcoding of tied vocab in the Marian to Torch converter and the desire to make it generic for models where source and target embeddings are not tied. The production diff shows changes to the MarianConfig class to include an optional decoder_vocab_size, and the convert_marian_to_pytorch.py file to handle shared encoder-decoder embeddings when decoder_vocab_size is provided. Test diffs show new tests added for shared embeddings handling."
P08-2,huggingface__transformers-15831,Python,qwen2.5:3b,issue_plus_patch,mistral:7b,2,2,2,0,2,"The issue discusses the hardcoding of tied vocab in a Marian to Torch converter and the desire to make it generic. The production diff shows changes to the MarianConfig class to allow for specifying decoder_vocab_size separately from vocab_size, which addresses this concern. Additionally, the test diff includes new tests for sharing encoder-decoder embeddings, resizing decoder token embeddings, and testing with separate vocabularies in tokenizer integration tests."
P08-3,mui__material-ui-16137,TypeScript,qwen2.5:3b,issue_only,mistral:7b,0,2,2,1,2,The issue description and the provided code changes indicate a regression in the functionality of the down arrow in NativeSelect OutlinedInput. The change report provides affected files and a test file for regression testing.
P08-3,mui__material-ui-16137,TypeScript,qwen2.5:3b,patch_only,mistral:7b,2,2,2,0,2,"The issue describes a problem with the NativeSelect OutlinedInput where the down arrow is not clickable. The production diff shows changes to styles related to select components, and the test diff indicates a potential regression in the SelectInput component's top element rendering. The candidate report provides a summary of the impacted functionality, affected files, and risk notes."
P08-3,mui__material-ui-16137,TypeScript,qwen2.5:3b,issue_plus_patch,mistral:7b,0,2,2,1,2,The issue description and the provided code changes suggest a regression in the functionality of the down arrow in NativeSelect OutlinedInput. The change in the code seems to affect multiple files related to Material-UI's Select components.
P09-1,prettier__prettier-842,JavaScript,qwen2.5vl:3b,issue_only,mistral:7b,2,2,1,0,2,"The proposed change addresses the issue of long test names by allowing for a trailing comma in the function call, which enables longer strings to be used without breaking the syntax."
P09-0,apache__dubbo-4026,Java,qwen2.5vl:3b,issue_only,mistral:7b,2,2,2,0,2,"Accurately summarizes issue, impacted files, and risks. Clear requirement summary with no unsupported details."
P09-0,apache__dubbo-4026,Java,qwen2.5vl:3b,patch_only,mistral:7b,2,2,1,0,2,The changes address the issue and are supported by evidence. Potential risks are mitigated by provided tests. Requirement summary is accurate.
P09-0,apache__dubbo-4026,Java,qwen2.5vl:3b,issue_plus_patch,mistral:7b,1,2,1,0,1,"Introduces new method for handling primitive fields in PojoUtils, potentially affecting User object creation and serialization. Regression risks need thorough testing."
P09-1,prettier__prettier-842,JavaScript,qwen2.5vl:3b,patch_only,mistral:7b,2,2,2,0,2,The change addresses the issue of handling long strings for test frameworks by adding support for trailing commas in function calls with a string literal as the first parameter and a function as the second. This is done to prevent breaking the formatting when writing very long names for tests.
P09-1,prettier__prettier-842,JavaScript,qwen2.5vl:3b,issue_plus_patch,mistral:7b,2,2,2,0,2,The change addresses the issue of long test framework names by allowing for trailing commas in function calls with a string literal as the first parameter and a function as the second. This allows for longer test names without breaking formatting.
P09-2,huggingface__transformers-21345,Python,qwen2.5vl:3b,issue_only,mistral:7b,2,2,2,0,2,The change adds a new activation function for GeLU that is faster and numerically equivalent to existing ones. It also includes a regression test to ensure compatibility with existing models.
P09-2,huggingface__transformers-21345,Python,qwen2.5vl:3b,patch_only,mistral:7b,2,2,2,0,2,The change adds a new activation function for GELU that is faster than the existing ones. It also includes regression tests to ensure compatibility.
P09-2,huggingface__transformers-21345,Python,qwen2.5vl:3b,issue_plus_patch,mistral:7b,2,2,1,0,2,The change adds a new activation function for GeLU that is faster but not an exact numerical match. It includes a regression test and a risk note about potential compatibility issues with future PyTorch versions.
P09-3,mui__material-ui-20247,TypeScript,qwen2.5vl:3b,issue_only,mistral:7b,1,2,1,0,1,Regression in Pagination component with RTL support affecting visual appearance and user experience. Test case added to regression test focus.
P09-3,mui__material-ui-20247,TypeScript,qwen2.5vl:3b,patch_only,mistral:7b,2,2,2,0,2,The report addresses a specific issue in RTL themes and includes a regression test.
P09-3,mui__material-ui-20247,TypeScript,qwen2.5vl:3b,issue_plus_patch,mistral:7b,0,2,1,0,2,Regression issue with Material UI pagination in RTL mode affecting user experience and accessibility. A regression test has been focused on but potential RTL support risk remains.
