task_id,source,language,repo,gold_files,gold_tests,file_ceiling_r5,test_ceiling_r5,parser_file_r5,parser_file_p5,parser_file_recall_all,parser_test_r5,parser_test_p5,parser_test_recall_all
google__gson-2130,SWE-PolyBench,Java,google/gson,1,1,1.0,1.0,1.0,1.0,1.0,1.0,1.0,1.0
apache__rocketmq-5062,SWE-PolyBench,Java,apache/rocketmq,4,5,1.0,1.0,0.75,1.0,0.75,0.6,1.0,0.6
trinodb__trino-3638,SWE-PolyBench,Java,trinodb/trino,3,3,1.0,1.0,1.0,1.0,1.0,1.0,1.0,1.0
google__gson-2134,SWE-PolyBench,Java,google/gson,1,1,1.0,1.0,1.0,1.0,1.0,1.0,1.0,1.0
trinodb__trino-3725,SWE-PolyBench,Java,trinodb/trino,3,1,1.0,1.0,1.0,1.0,1.0,1.0,1.0,1.0
apache__rocketmq-7964,SWE-PolyBench,Java,apache/rocketmq,1,1,1.0,1.0,1.0,1.0,1.0,1.0,1.0,1.0
google__gson-1832,SWE-PolyBench,Java,google/gson,4,1,1.0,1.0,0.25,1.0,0.25,1.0,1.0,1.0
apache__dubbo-13869,SWE-PolyBench,Java,apache/dubbo,2,2,1.0,1.0,1.0,1.0,1.0,1.0,1.0,1.0
apolloconfig__apollo-4199,SWE-PolyBench,Java,apolloconfig/apollo,4,2,1.0,1.0,1.0,1.0,1.0,1.0,1.0,1.0
apache__dubbo-4026,SWE-PolyBench,Java,apache/dubbo,1,2,1.0,1.0,1.0,1.0,1.0,1.0,1.0,1.0
apache__rocketmq-4763,SWE-PolyBench,Java,apache/rocketmq,3,1,1.0,1.0,1.0,1.0,1.0,1.0,1.0,1.0
apache__dubbo-8032,SWE-PolyBench,Java,apache/dubbo,3,1,1.0,1.0,1.0,1.0,1.0,1.0,1.0,1.0
prettier__prettier-14317,SWE-PolyBench,JavaScript,prettier/prettier,4,1,1.0,1.0,1.0,1.0,1.0,1.0,1.0,1.0
prettier__prettier-842,SWE-PolyBench,JavaScript,prettier/prettier,1,3,1.0,1.0,1.0,1.0,1.0,1.0,1.0,1.0
serverless__serverless-3609,SWE-PolyBench,JavaScript,serverless/serverless,3,1,1.0,1.0,1.0,1.0,1.0,1.0,1.0,1.0
prettier__prettier-10065,SWE-PolyBench,JavaScript,prettier/prettier,3,6,1.0,0.8333333333333334,1.0,1.0,1.0,0.8333333333333334,1.0,0.8333333333333334
prettier__prettier-3775,SWE-PolyBench,JavaScript,prettier/prettier,8,7,0.625,0.7142857142857143,0.25,1.0,0.25,0.2857142857142857,1.0,0.2857142857142857
serverless__serverless-6871,SWE-PolyBench,JavaScript,serverless/serverless,1,1,1.0,1.0,1.0,1.0,1.0,1.0,1.0,1.0
sveltejs__svelte-6514,SWE-PolyBench,JavaScript,sveltejs/svelte,1,4,1.0,1.0,1.0,1.0,1.0,1.0,1.0,1.0
prettier__prettier-418,SWE-PolyBench,JavaScript,prettier/prettier,1,3,1.0,1.0,1.0,1.0,1.0,1.0,1.0,1.0
sveltejs__svelte-814,SWE-PolyBench,JavaScript,sveltejs/svelte,1,3,1.0,1.0,1.0,1.0,1.0,0.3333333333333333,1.0,0.3333333333333333
sveltejs__svelte-4395,SWE-PolyBench,JavaScript,sveltejs/svelte,2,2,1.0,1.0,1.0,1.0,1.0,1.0,1.0,1.0
serverless__serverless-7024,SWE-PolyBench,JavaScript,serverless/serverless,2,1,1.0,1.0,1.0,1.0,1.0,1.0,1.0,1.0
serverless__serverless-3642,SWE-PolyBench,JavaScript,serverless/serverless,2,1,1.0,1.0,1.0,1.0,1.0,1.0,1.0,1.0
huggingface__transformers-29680,SWE-PolyBench,Python,huggingface/transformers,1,2,1.0,1.0,1.0,1.0,1.0,0.5,1.0,0.5
huggingface__transformers-15831,SWE-PolyBench,Python,huggingface/transformers,4,2,1.0,1.0,0.5,1.0,0.5,1.0,1.0,1.0
huggingface__transformers-28517,SWE-PolyBench,Python,huggingface/transformers,1,1,1.0,1.0,1.0,1.0,1.0,1.0,1.0,1.0
huggingface__transformers-27717,SWE-PolyBench,Python,huggingface/transformers,3,1,1.0,1.0,0.6666666666666666,1.0,0.6666666666666666,1.0,1.0,1.0
langchain-ai__langchain-4103,SWE-PolyBench,Python,langchain-ai/langchain,1,5,1.0,1.0,1.0,1.0,1.0,0.6,1.0,0.6
keras-team__keras-19775,SWE-PolyBench,Python,keras-team/keras,1,1,1.0,1.0,1.0,1.0,1.0,1.0,1.0,1.0
keras-team__keras-19937,SWE-PolyBench,Python,keras-team/keras,3,2,1.0,1.0,0.6666666666666666,1.0,0.6666666666666666,1.0,1.0,1.0
huggingface__transformers-17082,SWE-PolyBench,Python,huggingface/transformers,3,1,1.0,1.0,1.0,1.0,1.0,1.0,1.0,1.0
huggingface__transformers-21345,SWE-PolyBench,Python,huggingface/transformers,1,1,1.0,1.0,1.0,1.0,1.0,1.0,1.0,1.0
huggingface__transformers-19219,SWE-PolyBench,Python,huggingface/transformers,1,1,1.0,1.0,1.0,1.0,1.0,1.0,1.0,1.0
keras-team__keras-19844,SWE-PolyBench,Python,keras-team/keras,2,2,1.0,1.0,1.0,1.0,1.0,1.0,1.0,1.0
langchain-ai__langchain-5450,SWE-PolyBench,Python,langchain-ai/langchain,1,1,1.0,1.0,1.0,1.0,1.0,1.0,1.0,1.0
mui__material-ui-26460,SWE-PolyBench,TypeScript,mui/material-ui,11,3,0.45454545454545453,1.0,0.45454545454545453,1.0,0.45454545454545453,1.0,1.0,1.0
mui__material-ui-34158,SWE-PolyBench,TypeScript,mui/material-ui,20,5,0.25,1.0,0.25,1.0,0.4,0.4,1.0,0.4
mui__material-ui-17005,SWE-PolyBench,TypeScript,mui/material-ui,1,1,1.0,1.0,1.0,1.0,1.0,1.0,1.0,1.0
tailwindlabs__tailwindcss-165,SWE-PolyBench,TypeScript,tailwindlabs/tailwindcss,1,1,1.0,1.0,1.0,1.0,1.0,1.0,1.0,1.0
mui__material-ui-20247,SWE-PolyBench,TypeScript,mui/material-ui,1,1,1.0,1.0,1.0,1.0,1.0,1.0,1.0,1.0
mui__material-ui-16137,SWE-PolyBench,TypeScript,mui/material-ui,16,1,0.3125,1.0,0.3125,1.0,0.3125,1.0,1.0,1.0
mui__material-ui-14023,SWE-PolyBench,TypeScript,mui/material-ui,7,1,0.7142857142857143,1.0,0.5714285714285714,1.0,0.5714285714285714,1.0,1.0,1.0
mui__material-ui-13743,SWE-PolyBench,TypeScript,mui/material-ui,1,1,1.0,1.0,1.0,1.0,1.0,1.0,1.0,1.0
mui__material-ui-15430,SWE-PolyBench,TypeScript,mui/material-ui,14,2,0.35714285714285715,1.0,0.35714285714285715,1.0,0.42857142857142855,1.0,1.0,1.0
tailwindlabs__tailwindcss-109,SWE-PolyBench,TypeScript,tailwindlabs/tailwindcss,1,1,1.0,1.0,1.0,1.0,1.0,1.0,1.0,1.0
mui__material-ui-20133,SWE-PolyBench,TypeScript,mui/material-ui,9,2,0.5555555555555556,1.0,0.3333333333333333,1.0,0.3333333333333333,0.5,1.0,0.5
mui__material-ui-36426,SWE-PolyBench,TypeScript,mui/material-ui,9,1,0.5555555555555556,1.0,0.5555555555555556,1.0,0.8888888888888888,1.0,1.0,1.0
keras-team__keras-20002,SWE-PolyBench,Python,keras-team/keras,2,1,1.0,1.0,1.0,1.0,1.0,1.0,1.0,1.0
google__gson-2364,SWE-PolyBench,Java,google/gson,1,1,1.0,1.0,1.0,1.0,1.0,1.0,1.0,1.0
django__django-15814,SWE-bench Lite,Python,django/django,1,1,1.0,1.0,1.0,1.0,1.0,1.0,1.0,1.0
sympy__sympy-17022,SWE-bench Lite,Python,sympy/sympy,1,2,1.0,1.0,1.0,1.0,1.0,1.0,1.0,1.0
sympy__sympy-21055,SWE-bench Lite,Python,sympy/sympy,1,1,1.0,1.0,1.0,1.0,1.0,1.0,1.0,1.0
django__django-14855,SWE-bench Lite,Python,django/django,1,2,1.0,1.0,1.0,1.0,1.0,1.0,1.0,1.0
django__django-12286,SWE-bench Lite,Python,django/django,1,1,1.0,1.0,1.0,1.0,1.0,1.0,1.0,1.0
django__django-11910,SWE-bench Lite,Python,django/django,1,1,1.0,1.0,1.0,1.0,1.0,1.0,1.0,1.0
django__django-16820,SWE-bench Lite,Python,django/django,1,2,1.0,1.0,1.0,1.0,1.0,0.5,1.0,0.5
django__django-14787,SWE-bench Lite,Python,django/django,1,1,1.0,1.0,1.0,1.0,1.0,1.0,1.0,1.0
django__django-13768,SWE-bench Lite,Python,django/django,1,1,1.0,1.0,1.0,1.0,1.0,1.0,1.0,1.0
scikit-learn__scikit-learn-14087,SWE-bench Lite,Python,scikit-learn/scikit-learn,1,1,1.0,1.0,1.0,1.0,1.0,1.0,1.0,1.0
django__django-15388,SWE-bench Lite,Python,django/django,1,1,1.0,1.0,1.0,1.0,1.0,1.0,1.0,1.0
django__django-13447,SWE-bench Lite,Python,django/django,1,1,1.0,1.0,1.0,1.0,1.0,1.0,1.0,1.0
pydata__xarray-4248,SWE-bench Lite,Python,pydata/xarray,1,1,1.0,1.0,1.0,1.0,1.0,1.0,1.0,1.0
scikit-learn__scikit-learn-13584,SWE-bench Lite,Python,scikit-learn/scikit-learn,1,1,1.0,1.0,1.0,1.0,1.0,1.0,1.0,1.0
sympy__sympy-13647,SWE-bench Lite,Python,sympy/sympy,1,1,1.0,1.0,1.0,1.0,1.0,1.0,1.0,1.0
sympy__sympy-20212,SWE-bench Lite,Python,sympy/sympy,1,1,1.0,1.0,1.0,1.0,1.0,1.0,1.0,1.0
django__django-13315,SWE-bench Lite,Python,django/django,1,2,1.0,1.0,1.0,1.0,1.0,1.0,1.0,1.0
django__django-11999,SWE-bench Lite,Python,django/django,1,1,1.0,1.0,1.0,1.0,1.0,1.0,1.0,1.0
scikit-learn__scikit-learn-10508,SWE-bench Lite,Python,scikit-learn/scikit-learn,1,1,1.0,1.0,1.0,1.0,1.0,1.0,1.0,1.0
matplotlib__matplotlib-26020,SWE-bench Lite,Python,matplotlib/matplotlib,1,1,1.0,1.0,1.0,1.0,1.0,1.0,1.0,1.0
sympy__sympy-13895,SWE-bench Lite,Python,sympy/sympy,1,1,1.0,1.0,1.0,1.0,1.0,1.0,1.0,1.0
matplotlib__matplotlib-23563,SWE-bench Lite,Python,matplotlib/matplotlib,1,1,1.0,1.0,1.0,1.0,1.0,1.0,1.0,1.0
django__django-14997,SWE-bench Lite,Python,django/django,1,2,1.0,1.0,1.0,1.0,1.0,1.0,1.0,1.0
scikit-learn__scikit-learn-15512,SWE-bench Lite,Python,scikit-learn/scikit-learn,1,1,1.0,1.0,1.0,1.0,1.0,1.0,1.0,1.0
matplotlib__matplotlib-25332,SWE-bench Lite,Python,matplotlib/matplotlib,1,1,1.0,1.0,1.0,1.0,1.0,1.0,1.0,1.0
django__django-15252,SWE-bench Lite,Python,django/django,1,2,1.0,1.0,1.0,1.0,1.0,1.0,1.0,1.0
astropy__astropy-14182,SWE-bench Lite,Python,astropy/astropy,1,1,1.0,1.0,1.0,1.0,1.0,1.0,1.0,1.0
django__django-15695,SWE-bench Lite,Python,django/django,1,1,1.0,1.0,1.0,1.0,1.0,1.0,1.0,1.0
django__django-13448,SWE-bench Lite,Python,django/django,1,5,1.0,1.0,1.0,1.0,1.0,1.0,1.0,1.0
django__django-16379,SWE-bench Lite,Python,django/django,1,1,1.0,1.0,1.0,1.0,1.0,1.0,1.0,1.0
django__django-13660,SWE-bench Lite,Python,django/django,1,1,1.0,1.0,1.0,1.0,1.0,1.0,1.0,1.0
psf__requests-1963,SWE-bench Lite,Python,psf/requests,1,1,1.0,1.0,1.0,1.0,1.0,1.0,1.0,1.0
sphinx-doc__sphinx-8721,SWE-bench Lite,Python,sphinx-doc/sphinx,1,1,1.0,1.0,1.0,1.0,1.0,1.0,1.0,1.0
django__django-15996,SWE-bench Lite,Python,django/django,1,1,1.0,1.0,1.0,1.0,1.0,1.0,1.0,1.0
django__django-13220,SWE-bench Lite,Python,django/django,1,1,1.0,1.0,1.0,1.0,1.0,1.0,1.0,1.0
django__django-17087,SWE-bench Lite,Python,django/django,1,1,1.0,1.0,1.0,1.0,1.0,1.0,1.0,1.0
django__django-16408,SWE-bench Lite,Python,django/django,1,1,1.0,1.0,1.0,1.0,1.0,1.0,1.0,1.0
pytest-dev__pytest-7168,SWE-bench Lite,Python,pytest-dev/pytest,1,1,1.0,1.0,1.0,1.0,1.0,1.0,1.0,1.0
django__django-15781,SWE-bench Lite,Python,django/django,1,1,1.0,1.0,1.0,1.0,1.0,1.0,1.0,1.0
sympy__sympy-24102,SWE-bench Lite,Python,sympy/sympy,1,2,1.0,1.0,1.0,1.0,1.0,1.0,1.0,1.0
django__django-13590,SWE-bench Lite,Python,django/django,1,1,1.0,1.0,1.0,1.0,1.0,1.0,1.0,1.0
pytest-dev__pytest-7220,SWE-bench Lite,Python,pytest-dev/pytest,1,1,1.0,1.0,1.0,1.0,1.0,1.0,1.0,1.0
sympy__sympy-16988,SWE-bench Lite,Python,sympy/sympy,1,1,1.0,1.0,1.0,1.0,1.0,1.0,1.0,1.0
sympy__sympy-12454,SWE-bench Lite,Python,sympy/sympy,1,1,1.0,1.0,1.0,1.0,1.0,1.0,1.0,1.0
django__django-12856,SWE-bench Lite,Python,django/django,1,1,1.0,1.0,1.0,1.0,1.0,1.0,1.0,1.0
django__django-16046,SWE-bench Lite,Python,django/django,1,1,1.0,1.0,1.0,1.0,1.0,1.0,1.0,1.0
sympy__sympy-22840,SWE-bench Lite,Python,sympy/sympy,1,2,1.0,1.0,1.0,1.0,1.0,1.0,1.0,1.0
pylint-dev__pylint-7080,SWE-bench Lite,Python,pylint-dev/pylint,1,1,1.0,1.0,1.0,1.0,1.0,1.0,1.0,1.0
pytest-dev__pytest-8906,SWE-bench Lite,Python,pytest-dev/pytest,1,1,1.0,1.0,1.0,1.0,1.0,1.0,1.0,1.0
sympy__sympy-17655,SWE-bench Lite,Python,sympy/sympy,1,1,1.0,1.0,1.0,1.0,1.0,1.0,1.0,1.0
